tweet,id,name,location,topic,created_at,processed_on
24 hours after my #PfizerBooster plus Flushot combo I feel good except my flu-shot arm is very sore but the PfizerB‚Ä¶ https://t.co/letNTKpZtj,1465837338345541635,Proud_Asian_Dad_With_Tourette‚òØÔ∏è,"New York, USA",PfizerBooster ,Wed Dec 01 00:17:10 +0000 2021,2021-11-30 21:53:29
I‚Äôm glad I have most of the week off because this #PfizerBooster is kicking my ass https://t.co/hBLw2DaHQV,1465820924494725123,ü¶É‚òÉÔ∏èüéÑ‚ú®Haley‚ú®üéÑ‚òÉÔ∏èü¶É,"Kansas, USA",PfizerBooster ,Tue Nov 30 23:11:56 +0000 2021,2021-11-30 21:53:29
promoting the booster to keep protected.another #Lockdown is coming #BallonDor #PfizerBooster https://t.co/FFNSyTovgb,1465766839175331849,Nancy A. DiBenedetto,"Hamilton, Ontario",PfizerBooster ,Tue Nov 30 19:37:01 +0000 2021,2021-11-30 21:53:29
Got my #Pfizerbooster yesterday and the symptoms are worse than the first 2 doses. Anyone else have horrible flu sy‚Ä¶ https://t.co/979aTxfnVx,1465750558300639232,MacBeth,,PfizerBooster ,Tue Nov 30 18:32:20 +0000 2021,2021-11-30 21:53:29
"Latest News:
Pfizer poised to request authorization for coronavirus booster for 16 and 17 year olds:

""The companie‚Ä¶ https://t.co/X6rf96Gj8a",1465712283015950336,Gordon Mulder,"Laguna Hills, CA",PfizerBooster ,Tue Nov 30 16:00:14 +0000 2021,2021-11-30 21:53:29
"Gotta say our LGU is swift ever since @menchieabalos Salamat Mayora! üíâü§ì # #MandaVax #PfizerBooster 
Booooo√µ√≤ ü¶†üôåüèΩ‚Ä¶ https://t.co/1SAqRRs33S",1465615530899869706,chronicler,"Orange County, Manila",PfizerBooster ,Tue Nov 30 09:35:47 +0000 2021,2021-11-30 21:53:29
Ugh got the booster shot yesterday after work and now my arm hurts like hell üòÇüòí.  #PfizerBooster #Corona https://t.co/e2B2TxWPAR,1465552244737286147,Stephanie Werner,"Arlington, VA",PfizerBooster ,Tue Nov 30 05:24:18 +0000 2021,2021-11-30 21:53:29
"Stay safe!üò∑Posted @withregram ‚Ä¢ @nickfauzi Alhamdulillah done ‚úÖ booster vaccine, so smooth the process ‚ò∫Ô∏è, tqsm‚Ä¶ https://t.co/YY2tFuG3NT",1465532498109075459,MSU Medical Centre,"Selangor, Malaysia",PfizerBooster ,Tue Nov 30 04:05:50 +0000 2021,2021-11-30 21:53:29
"2 birds 1 stone. 
Booster shot: ‚úîÔ∏è #PfizerBooster
Flu shot: ‚úîÔ∏è",1465478030562938884,Hey Alex,Somewhere in this Universe,PfizerBooster ,Tue Nov 30 00:29:24 +0000 2021,2021-11-30 21:53:29
Boosted. üíâ #boosted #byecovid #covidbooster #…¢·¥á·¥õ·¥†·¥Ä·¥Ñ·¥Ñ…™…¥·¥Ä·¥õ·¥á·¥Ö  #pfizerbooster @ Walgreens https://t.co/kaGu1PgNhu,1465113479879217157,Richie,,PfizerBooster ,Mon Nov 29 00:20:48 +0000 2021,2021-11-30 21:53:29
Got my #pfizerbooster on top of my #johnsonandjohnson single dose. I'll hopefully remember not to launder this vacc‚Ä¶ https://t.co/d1EyBsOA2H,1465013924772954121,Walter Tillman,"New York, NY",PfizerBooster ,Sun Nov 28 17:45:12 +0000 2021,2021-11-30 21:53:29
"Just got boosted! 

#pfizerbooster #covidvacccination #VaccinesWork #jhonsonandjhonson #fullyvaxed #COVID19 #mixandmatch",1465012601960730631,Walter Tillman,"New York, NY",PfizerBooster ,Sun Nov 28 17:39:57 +0000 2021,2021-11-30 21:53:29
@7Veritas4 @TCRG2012 My wife (immuno-compromised cancer patient) and I received our booster shots 3 weeks ago.‚Ä¶ https://t.co/aoqXZX6enG,1464955535619502080,plezWorld,"Stonecrest, GA ",PfizerBooster ,Sun Nov 28 13:53:11 +0000 2021,2021-11-30 21:53:29
"Booster dose completed...
Bila nak habis daaaaaüò∑
#3rddosedoneüíâ‚úîÔ∏è 
#staysafeqatar 
#pfizerbooster https://t.co/mKczbc4V1a",1464907873645907973,Inspect Azmi,Qatar,PfizerBooster ,Sun Nov 28 10:43:48 +0000 2021,2021-11-30 21:53:29
Booster jab done üíâü§©ü§© #teampfizer #pfizerbooster #COVID19 #thankyounhs #nhs #COVIDBooster https://t.co/bvEXpgmMin,1464894888600813575,"Andrea, Ziva Lola and Boris the Cavalier RIP üåà‚ù§Ô∏è",,PfizerBooster ,Sun Nov 28 09:52:12 +0000 2021,2021-11-30 21:53:29
Had a #booster recently? Mine was bang on at 9.36am. Fine to start; then aching arm by afternoon. Overnight &amp; today‚Ä¶ https://t.co/KVfwRgSf7e,1464884367222784008,Michael Woodward,"Abergavenny, South Wales",PfizerBooster ,Sun Nov 28 09:10:24 +0000 2021,2021-11-30 21:53:29
And they will have their little Goyim bean counter accountants tallying up the receipts from all the countries that‚Ä¶ https://t.co/HoT6hZf9IE,1464879254848651272,Global Agenda,"Toronto, Ontario, Canada",PfizerBooster ,Sun Nov 28 08:50:05 +0000 2021,2021-11-30 21:53:29
My #pfizerbooster delivered many many hours of welcomed deep sleep. #Grateful,1464848536894251019,"MeredithGould, PhD üé®","Albuquerque, NM",PfizerBooster ,Sun Nov 28 06:48:01 +0000 2021,2021-11-30 21:53:29
Booster dose received. #pfizerbooster,1464776016920932357,üêØCunningTiger_RN,Mandaluyong City,PfizerBooster ,Sun Nov 28 01:59:51 +0000 2021,2021-11-30 21:53:29
Got my #pfizerbooster yesterday and the only symptoms were VERY mild. The area where I got my shot was a bit sore a‚Ä¶ https://t.co/kohollvBqv,1464729209956413443,Lindsey,"Louisville, KY",PfizerBooster ,Sat Nov 27 22:53:51 +0000 2021,2021-11-30 21:53:29
Had my booster yesterday. Mr pfizer don't mess about! Az jab did nowt. Can hardly move my arm with this one! Also m‚Ä¶ https://t.co/ziedA16NyA,1464712419670994950,Robert Goh,Skipton UK,PfizerBooster ,Sat Nov 27 21:47:08 +0000 2021,2021-11-30 21:53:29
Booster acquired #pfizerbooster,1464702096394100736,Casey Adkins KD0LBZ KRDK,"Independence, MO",PfizerBooster ,Sat Nov 27 21:06:07 +0000 2021,2021-11-30 21:53:29
Got my Pfizer booster yesterday and I am happy to report I am having zero side effects. Stop what you‚Äôre doing righ‚Ä¶ https://t.co/Lczix4o23e,1464695019818921987,Annie,United States,PfizerBooster ,Sat Nov 27 20:38:00 +0000 2021,2021-11-30 21:53:29
Ready for the holidays! #walgreens #booster #pfizerbooster @ Walgreens https://t.co/Ac7I7Eh4Wd,1464665529017409537,Basia Emano,,PfizerBooster ,Sat Nov 27 18:40:48 +0000 2021,2021-11-30 21:53:29
Booster all done. I‚Äôm very grateful to our brilliant .@NHSMillion .@Pfizer_UK #PfizerBooster https://t.co/t1OIsJL1DM,1464632479495639044,"Mike Pannett, Author, TV Doc-Drama Consultantüá¨üáß",North Yorkshire,PfizerBooster ,Sat Nov 27 16:29:29 +0000 2021,2021-11-30 21:53:29
"Booster-ed up, baby! #pfizerbooster üíâ#beapartofthesolution @ Atlanta, Georgia https://t.co/juQ3Sqy8PY",1464442510428700675,Tami Gaines,"Atlanta, GA",PfizerBooster ,Sat Nov 27 03:54:37 +0000 2021,2021-11-30 21:53:29
"Vaccine makers move quickly against new omicron Covid variant, testing already under way https://t.co/gLIPBjaKI9 
F‚Ä¶ https://t.co/ZKZqZHtRRG",1464437991921709057,SPIRIT,ÂÆÆÂüéÁúå ‰ªôÂè∞Â∏Ç Â§™ÁôΩÂå∫,PfizerBooster ,Sat Nov 27 03:36:39 +0000 2021,2021-11-30 21:53:29
@WHCOS @stockguy61 Just got my booster today! ü•≥üôåüèº #pfizerbooster #BoosterShots https://t.co/HFxFkSx9jq,1464431096477589508,mgoblue6 üçÅü¶ÉüçÇüá∫üá∏üóΩ üíâüò∑‚úåüèºüåàüåä,"California, USA",PfizerBooster ,Sat Nov 27 03:09:15 +0000 2021,2021-11-30 21:53:29
"1 week into the #pfizerbooster and no ill effects. Slight soreness for about 18 hours, but literally nothing else.",1464421682534305798,Michelle üíâüíâüíâ,NOLA,PfizerBooster ,Sat Nov 27 02:31:51 +0000 2021,2021-11-30 21:53:29
"Covid booster recommendations keep changing, and as someone who has had lung issues, it looks like I now have to ge‚Ä¶ https://t.co/UnOaRhMnma",1464409708748550147,Alexis Collins,"Virginia, USA",PfizerBooster ,Sat Nov 27 01:44:16 +0000 2021,2021-11-30 21:53:29
My first vaccine pose last year. I finally got my third dose this Wednesday! #Pfizer #pfizerbooster #teamvaccines‚Ä¶ https://t.co/DLVODbODu2,1464393838773026829,Brigitte,"Toronto, Ontario",PfizerBooster ,Sat Nov 27 00:41:12 +0000 2021,2021-11-30 21:53:29
Got the third booster!!! #2xmoderna #pfizerbooster #GetVaccinated @SOOhio https://t.co/bMdCK028DR,1464344167627300868,Sharita Taylor,,PfizerBooster ,Fri Nov 26 21:23:50 +0000 2021,2021-11-30 21:53:29
#PfizerBooster mission accomplished @heidibmedia @MichelenBradley stay tunedü§îüôÑüòÅ,1464308888845623296,Casandra Talmadge,Burbs,PfizerBooster ,Fri Nov 26 19:03:39 +0000 2021,2021-11-30 21:53:29
Fully vaxxed and boosted plus I got a $5 coupon! Hey now! #GetVaccinated #VaccinesSaveLives #PfizerBooster https://t.co/ZgOmgBKhS8,1464305023496732682,J'Wan Yvette üé∂üíïüåä,"In My Own Lane, USA",PfizerBooster ,Fri Nov 26 18:48:17 +0000 2021,2021-11-30 21:53:29
All Pfizered up.  #pfizerbooster Pfizer for the hat trick.  #COVID19 #VaccinesWork,1464300753124835328,Louise Mc (She/Her),Canada,PfizerBooster ,Fri Nov 26 18:31:19 +0000 2021,2021-11-30 21:53:29
"After my fourth booster jab...

#COVID19 #VaccineSideEffects #vaccines #pfizerbooster #Pfizer #Moderna https://t.co/5UA4Zf05ri",1464292571371474952,5th Man On The Wheel,Hell! Literally!,PfizerBooster ,Fri Nov 26 17:58:48 +0000 2021,2021-11-30 21:53:29
#GetVaccinated #CovidVaccine #pfizerbooster #healthcare #getthejab @WHO @GovCanHealth My daughter and I both got th‚Ä¶ https://t.co/9cmyh0Y3LQ,1464280517768056834,"Dr. David Flusk, MD",,PfizerBooster ,Fri Nov 26 17:10:55 +0000 2021,2021-11-30 21:53:29
@CMOIreland you are so lucky the staff that work under you are doing such a great job. Otherwise youd be run out of‚Ä¶ https://t.co/EuLJEQ5Erg,1464277722927190019,Odran OBrien,"South Dublin, Ireland",PfizerBooster ,Fri Nov 26 16:59:48 +0000 2021,2021-11-30 21:53:29
Today I am grateful for science and  the frontline workers.  #pfizerbooster #doyourpart https://t.co/tXQmiAQa73,1464269519472496647,Jennifer,"Rhode Island, USA",PfizerBooster ,Fri Nov 26 16:27:12 +0000 2021,2021-11-30 21:53:29
üíâüíâ(#AstraZeneca) +üíâ(#Pfizerbooster ) + üíâ(Flu shot).,1464209456464601092,Clayton McCranor,"Horsham, UK",PfizerBooster ,Fri Nov 26 12:28:32 +0000 2021,2021-11-30 21:53:29
Coronary syndrome connection to mRNA covid vaccine. #COVID19 #VaccineSideEffects #VaccineMandate #vaccines‚Ä¶ https://t.co/wDjqJzr0aD,1464209103220359172,"Mikko Saarela [ Wise words, write here ]","Sein√§joki, Suomi",PfizerBooster ,Fri Nov 26 12:27:08 +0000 2021,2021-11-30 21:53:29
Just been Pfizer boosted! Fast &amp; efficient service by very lovely @nhsmillion people. No need to book either at CP‚Ä¶ https://t.co/CeiajJhOnN,1464207942572466178,Leslie Bunder,UK,PfizerBooster ,Fri Nov 26 12:22:31 +0000 2021,2021-11-30 21:53:29
"#BoosterShots completed. Got the 2nd dose of #pfizerbooster today.
Terrible body aches and fever. ü§íü§¢ Hopefully Insh‚Ä¶ https://t.co/eQYQ1cJ6zi",1464203478608211971,Samina Qasim. ( Get the Booster Dose),Karachi & LosAngeles,PfizerBooster ,Fri Nov 26 12:04:47 +0000 2021,2021-11-30 21:53:29
"#BlackFriday shopping isn‚Äôt our thing.

We got up super early to get our #pfizerbooster though!

üíâüí™üèº",1464198264295768095,Jason ‚≠êÔ∏è,"Bloomington, IN",PfizerBooster ,Fri Nov 26 11:44:04 +0000 2021,2021-11-30 21:53:29
"Got my 3rd shot today! 
Get #vaccinated #pfizerbooster",1464181133848059904,Aristeidis Papargyriou,"Munich, Bavaria",PfizerBooster ,Fri Nov 26 10:36:00 +0000 2021,2021-11-30 21:53:29
I'm fully vaccinated and when it's my time to get the booster shot I will #pfizerbooster,1464180527116681221,Lil Onone,Mars,PfizerBooster ,Fri Nov 26 10:33:35 +0000 2021,2021-11-30 21:53:29
"Bit soggy as it‚Äôs pouring here, but yay for local vax centre who let me walk in because my booked appointment got c‚Ä¶ https://t.co/B5KO5UkYl9",1464179279667896323,B,European Union,PfizerBooster ,Fri Nov 26 10:28:38 +0000 2021,2021-11-30 21:53:29
"I've just been boostered! My first two vaccines were Astra Zenica, the booster is Pfizer. But I don't mind because‚Ä¶ https://t.co/jCTISaCS7J",1464166156416307230,Sara Radivan,"Manchester, England",PfizerBooster ,Fri Nov 26 09:36:29 +0000 2021,2021-11-30 21:53:29
Got my BOOSTER SHOT üíâüéâ #pfizerbooster https://t.co/HPrx9Le4m6,1464145648840687619,laviemik,Davao City,PfizerBooster ,Fri Nov 26 08:14:59 +0000 2021,2021-11-30 21:53:29
Thank you for allowing us to choose! #A3 #pfizerbooster https://t.co/TkGCdInVXF,1464090319012589571,PeaRL üôèüèª‚öñÔ∏è,Philippines,PfizerBooster ,Fri Nov 26 04:35:08 +0000 2021,2021-11-30 21:53:29
Our 2 senior citizens are done w/ their Pfizer booster shot. As in no hassles encountered. Thank you to those who m‚Ä¶ https://t.co/XIWUExcxB3,1464089746787893249,MüëÄnbeam17 ·¥π·¥¨·¥µ·¥∫·¥±‚ù§Ô∏èSYJüåº,Manila City,PfizerBooster ,Fri Nov 26 04:32:51 +0000 2021,2021-11-30 21:53:29
"Booster shot done yest and again, my left arm is heavy ü•≤ #pfizerbooster",1464025597793898505,Zarj‚Å∑_ ÏûêÎ•¥ÏßÄ,Magic Shop,PfizerBooster ,Fri Nov 26 00:17:57 +0000 2021,2021-11-30 21:53:29
@Pfizer_UK @BristolUni What data or advice on booster jab as being offered are not #Pfizer but #Modena meaning the‚Ä¶ https://t.co/EfRQyMz4J3,1464024061500133376,Philip Welham Esq.,"London, England Suffolk",PfizerBooster ,Fri Nov 26 00:11:51 +0000 2021,2021-11-30 21:53:29
"@i24NEWS_EN Let #Ivermectin protocol work and let people know #Mesencure #CovidTreatment gets ready.

Just stop‚Ä¶ https://t.co/sWQuXKDtnZ",1463995675394424843,Nino.Mucci,,PfizerBooster ,Thu Nov 25 22:19:03 +0000 2021,2021-11-30 21:53:29
"Not your traditional Thanksgiving activity, but my #pfizerbooster and #flushot are done. ‚úÖ Tomorrow otta‚Äô be intere‚Ä¶ https://t.co/1z3lrKYsmb",1463980142162808839,BridalDiva,Seattle Area,PfizerBooster ,Thu Nov 25 21:17:19 +0000 2021,2021-11-30 21:53:29
Third times the charm #pfizerbooster https://t.co/0eveJH5Yq0,1463969420024369159,Extra sweetsauce slight pepperüáπüáπ,üóΩ ,PfizerBooster ,Thu Nov 25 20:34:43 +0000 2021,2021-11-30 21:53:29
Has anyone had a terrible headache left side of head after the #pfizerbooster  I had oaz for first two vaccines many thanks,1463952120495935490,Michaela pickersgill,,PfizerBooster ,Thu Nov 25 19:25:59 +0000 2021,2021-11-30 21:53:29
"Got my vaccine booster yesterday. My partner‚Äôs family is coming for dinner. So far no side effects, but I may devel‚Ä¶ https://t.co/nkOrgkzp6Q",1463925472643862539,Bettina S,"San Luis Obispo, CA",PfizerBooster ,Thu Nov 25 17:40:05 +0000 2021,2021-11-30 21:53:29
"@GovNedLamont @CTDPH @DrJuthani Got mine 2 days before #Thanksgiving! #pfizerbooster Protecting my family, friends,‚Ä¶ https://t.co/TnSBahbiZF",1463903359254024198,James Trimble,,PfizerBooster ,Thu Nov 25 16:12:13 +0000 2021,2021-11-30 21:53:29
Thanks again to all the heroes who made this possible!  Boosted up!! #pfizerbooster #nhs @ St Thomas' Hospital https://t.co/Gq89cb0yk5,1463902020067332097,Merv Metcalf,"London, England",PfizerBooster ,Thu Nov 25 16:06:54 +0000 2021,2021-11-30 21:53:29
"#PfizerBooster  (on top of my original #jhonsonandjhonson ) scheduled for Sunday, giving me a day off for recovery.‚Ä¶ https://t.co/kLr6iQ3h1I",1463895879379787783,Walter Tillman,"New York, NY",PfizerBooster ,Thu Nov 25 15:42:30 +0000 2021,2021-11-30 21:53:29
"Sore arm, but otherwise I feel fine. #Boosted #pfizerbooster",1463879636580900868,Lisa Hunt,,PfizerBooster ,Thu Nov 25 14:37:57 +0000 2021,2021-11-30 21:53:29
"#pfizerbooster 
It is not too late. Get vaccinated! ‚úÖ https://t.co/OtYIFYWEq3",1463791324952334337,sweet basil,,PfizerBooster ,Thu Nov 25 08:47:02 +0000 2021,2021-11-30 21:53:29
done booster #pfizerbooster https://t.co/803Cu6Acv1,1463767525741641733,Jaja Karen,Asia,PfizerBooster ,Thu Nov 25 07:12:28 +0000 2021,2021-11-30 21:53:29
After the forth dose of #pfizerbooster the chicken üêì will spring back to life. Miracle of the modern medicine!‚Ä¶ https://t.co/GPEYWyaDyR,1463732880937562113,clemnet,,PfizerBooster ,Thu Nov 25 04:54:48 +0000 2021,2021-11-30 21:53:29
Wifey done with her Covid19 Booster this morning as well! #manilacovid19 #pfizerbooster #pfizer @ Jose Abad Santos‚Ä¶ https://t.co/8BYWfhwNCM,1463726159045091340,James Kevin Ty,"Manila , Philippines",PfizerBooster ,Thu Nov 25 04:28:05 +0000 2021,2021-11-30 21:53:29
"With Pfizer in my veins and tacos in my belly, I‚Äôm feeling BOOSTED!
#pfizer #pandemiclife #covid_19 #hyvee‚Ä¶ https://t.co/2np0bYzkKH",1463680742794444806,Danny Engesser,"Des Moines, Iowa, USA",PfizerBooster ,Thu Nov 25 01:27:37 +0000 2021,2021-11-30 21:53:29
"Got my booster shot tonight. I'm excited I got it, but it should make for an interesting day tomorrow 

#pfizerbooster 
#Thanksgiving",1463679281125539841,Chris üá≠üá≥,"Michigan, USA",PfizerBooster ,Thu Nov 25 01:21:49 +0000 2021,2021-11-30 21:53:29
I am now vaxed to the max! #pfizerbooster #GetVaccinated,1463677451637178369,James Abram Holliday,"California, USA",PfizerBooster ,Thu Nov 25 01:14:32 +0000 2021,2021-11-30 21:53:29
"Well it's official I now have 6G
10 out of 10 would recommend. #pfizerbooster #PfizerGang https://t.co/RpTZbVpfFE",1463675644546633731,TheRedPoint,"Connecticut, USA",PfizerBooster ,Thu Nov 25 01:07:22 +0000 2021,2021-11-30 21:53:29
"Boosted, baby!! #pfizerbooster üòéüòé",1463675387875975168,Lisa Hunt,,PfizerBooster ,Thu Nov 25 01:06:20 +0000 2021,2021-11-30 21:53:29
"People who the #PfizerBooster shot: what reaction did you have, if any? I got mine yesterday. I'm tired and feel li‚Ä¶ https://t.co/08rTlaS36l",1463674259872436227,StrangeLilBlackGrl,"Sacramento, CA",PfizerBooster ,Thu Nov 25 01:01:51 +0000 2021,2021-11-30 21:53:29
"I'm boosted ‚úîÔ∏è

Because it's not just about me!

#MamaStrong
#LoganStrong
#itsnotallaboutyou
#thankyouscience‚Ä¶ https://t.co/gMWjEqkX1h",1463562148890742788,Jennifer F Hendricks,"Scotia, NY",PfizerBooster ,Wed Nov 24 17:36:22 +0000 2021,2021-11-30 21:53:29
@joncoopertweets Received mine Monday. #pfizerbooster üòÅ,1463560846362042375,sportsgirl,Colorado,PfizerBooster ,Wed Nov 24 17:31:12 +0000 2021,2021-11-30 21:53:29
I got my #PfizerBooster shot this morning. ü¶†üíâüò∑ #GetVaccinated #RollTide https://t.co/ecOdzAiaYB,1463551060409212931,pIva,"Birmingham, Alabama",PfizerBooster ,Wed Nov 24 16:52:18 +0000 2021,2021-11-30 21:53:29
On my way back to the hotel after getting my Covid BOOSTER! Here we have the Romanian üá∑üá¥ smaller version at 89 feet‚Ä¶ https://t.co/jd7i8A8e8E,1463503154641870848,Tommie Earl Jenkins,Los Angeles / London / NYC,PfizerBooster ,Wed Nov 24 13:41:57 +0000 2021,2021-11-30 21:53:29
"Got my COVID-19 Vaccine Booster this morning. So far , no side effects except slight sore on the jabbed arm a bit‚Ä¶ https://t.co/WM1mRmKTUW",1463465337861640193,James Kevin Ty,"Manila , Philippines",PfizerBooster ,Wed Nov 24 11:11:41 +0000 2021,2021-11-30 21:53:29
My arm hurts #PfizerBooster,1463413787466342403,Ken Tomkins,"Milton Keynes, England",PfizerBooster ,Wed Nov 24 07:46:50 +0000 2021,2021-11-30 21:53:29
"@MysterySolvent Yes! Got it 2 days ago. Arm was sore but starting to feel much better.üíâüí™
#GotVaccinated 
#PfizerBooster 
#TeamPfizer",1463291076438024195,Whatdidkentweetüá∫üá∏,Blue speck in a red state,PfizerBooster ,Tue Nov 23 23:39:13 +0000 2021,2021-11-30 21:53:29
Got my booster shot today. Suck it COVID!!! #covidvacccine #covid_19 #booster #boostershot #coronavacccine #pfizer‚Ä¶ https://t.co/LGLAO44J1n,1463211812460109825,Jeremiah Wolfe,"Chicago, IL",PfizerBooster ,Tue Nov 23 18:24:15 +0000 2021,2021-11-30 21:53:29
Got my Pfizer booster jab at 9:35am this morning and waiting for the internet signal to get stronger ü§îü§£ Thanks to t‚Ä¶ https://t.co/y17aZlDYgZ,1463200283262169093,Lee Mallinson,Reading,PfizerBooster ,Tue Nov 23 17:38:27 +0000 2021,2021-11-30 21:53:29
Anyone else feel AWFUL after the booster? I know I‚Äôm privileged to get it but Lorda mercy. #COVIDBooster #pfizerbooster,1463133436495941646,Allison Moll,"New York, USA",PfizerBooster ,Tue Nov 23 13:12:49 +0000 2021,2021-11-30 21:53:29
Finally feel normal again after my booster and flu jab. Fully knocked me out for a day also developed a sore throat‚Ä¶ https://t.co/O7JHE7o0M5,1463067331077230592,Chloe Metson,Bristol,PfizerBooster ,Tue Nov 23 08:50:08 +0000 2021,2021-11-30 21:53:29
"Got my #pfizerbooster this morning. My arm is starting to get really sore. 

What type of side effects ride should I expect?",1462978075541524485,Toni,East Coast,PfizerBooster ,Tue Nov 23 02:55:28 +0000 2021,2021-11-30 21:53:29
"The family that boosters together stays safe and fulfills their civic duty to protect humanity, including the dickh‚Ä¶ https://t.co/lltE3aDnJ6",1462967585201213449,Fran de Leon,"Sherman Oaks, CA",PfizerBooster ,Tue Nov 23 02:13:47 +0000 2021,2021-11-30 21:53:29
Boosted baby!!  #pfizerbooster,1462925049728487425,Meg,"New York, USA",PfizerBooster ,Mon Nov 22 23:24:46 +0000 2021,2021-11-30 21:53:29
Just received my Pfizer booster. All good except they had my surname spelled incorrectly in the system and randomly‚Ä¶ https://t.co/BHaCqUVYAq,1462899488461369358,Emilio S Cot,"Westfield, NJ",PfizerBooster ,Mon Nov 22 21:43:12 +0000 2021,2021-11-30 21:53:29
"I was sick for a solid week after my Pfizer booster. TOTALLY WORTH IT!
#COVIDbooster
#Pfizerbooster
#GetVaccinatedNow 
#GetVaccinated",1462893861957615621,Wende Garrison,"Portland, Oregon",PfizerBooster ,Mon Nov 22 21:20:50 +0000 2021,2021-11-30 21:53:29
Healthcare workers &amp; over 60s. Go to https://t.co/1U0BqljBjL  #pfizerbooster https://t.co/gy2LINlpYx,1462893235685236752,BroderickChemist,"Cork, Ireland",PfizerBooster ,Mon Nov 22 21:18:21 +0000 2021,2021-11-30 21:53:29
"#Pfizer #pfizerbooster #investingtips #Rain #shorts  / new charts every week.

https://t.co/DzSCagB9ih",1462892763708547079,Financial Texture,,PfizerBooster ,Mon Nov 22 21:16:28 +0000 2021,2021-11-30 21:53:29
"This is genius! I wonder how many people will miss the satire though and think he's serious ?
#Pfizer‚Ä¶ https://t.co/kIGEHd1pd0",1462885573463580676,Tinker,Here.,PfizerBooster ,Mon Nov 22 20:47:54 +0000 2021,2021-11-30 21:53:29
Leveled up. #3millionreasons #pfizerbooster https://t.co/osZmww1Uhq,1462879163182825476,David Bobzien Jr.,Biggest Little City,PfizerBooster ,Mon Nov 22 20:22:26 +0000 2021,2021-11-30 21:53:29
Got my booster shot today! Mix &amp; Match ü•¥ #pfizerbooster,1462823959938822145,Annya,"Albuquerque, NM",PfizerBooster ,Mon Nov 22 16:43:04 +0000 2021,2021-11-30 21:53:29
"My #houseofpfizer #Pfizer #pfizerbooster ppl, can I get some details on ur booster? Im trying to plan mine n need t‚Ä¶ https://t.co/iVqvkAc4st",1462818775204610048,Colton Biggs üíõ üêù,,PfizerBooster ,Mon Nov 22 16:22:28 +0000 2021,2021-11-30 21:53:29
Triplate!! #pfizerbooster #Pfizer https://t.co/awSVS7mlXM,1462806969643843594,Alessandro Peca ü§®,"Miami, FL, USA",PfizerBooster ,Mon Nov 22 15:35:33 +0000 2021,2021-11-30 21:53:29
"Unbiased. Daily. Medical headlines. 60 seconds.

üé•Daily Minuteüé•

#pfizer #pfizerdocuments #disneyworld‚Ä¶ https://t.co/DXwJhTup52",1462806431690899456,The Health Dispatch,USA,PfizerBooster ,Mon Nov 22 15:33:25 +0000 2021,2021-11-30 21:53:29
"'
 #vaccinated for #COVID19 with #pfizerbooster ‚úîÔ∏è‚úÖ

@pfizer @MOH_Bahrain

#COVID19Vaccination #vaccination #Covid‚Ä¶ https://t.co/tsfRlAPSvU",1462707654430707713,7ƒÇm√≤√ò≈ç√ê.K √Ö≈Ç√Ñw√£√∞hƒ± üè¥‚Äç‚ò†Ô∏è,~Unknown~ ,PfizerBooster ,Mon Nov 22 09:00:55 +0000 2021,2021-11-30 21:53:29
"@Kukicat7 Yeah I hope for a lot of things. This experiment is like that one lab on probability, where we all rollin‚Ä¶ https://t.co/iYnoSUfjtt",1462695788933365760,Finn Gerbangh „Å≤,üìçTwitter (not a real place),PfizerBooster ,Mon Nov 22 08:13:46 +0000 2021,2021-11-30 21:53:29
OK - own up. Who just turned up the gravity? #pfizerbooster,1462694079884582917,Chris Green,"Muswell Hill, London",PfizerBooster ,Mon Nov 22 08:06:58 +0000 2021,2021-11-30 21:53:29
"1.5 Mn Pfizer jabs arrive in SL 

#lka #SriLanka #COVID19 #pfizerbooster #PFizerVaccine https://t.co/PahPRUUwqi",1462690637862649856,Srilankamirror,Sri Lanka,PfizerBooster ,Mon Nov 22 07:53:18 +0000 2021,2021-11-30 21:53:29
Anyone experience sore arm with chills? #PfizerBooster,1462643217770369029,EastCoastJulz,"Center of the Universe, NH",PfizerBooster ,Mon Nov 22 04:44:52 +0000 2021,2021-11-30 21:53:30
"Mom's booster shot today... 

#thirdvaccine
#Pfizerboostershot",1462998862944112641,M-M,makati city,PfizerBoosterShot ,Tue Nov 23 04:18:04 +0000 2021,2021-11-30 21:53:30
Boostered! #pfizerbooster https://t.co/ONFrC53CtE,1468258129829892099,Tauhidur Rahman,"Amherst, Massachusetts",PfizerBooster ,Tue Dec 07 16:36:31 +0000 2021,2021-12-07 11:47:38
#publichealth #COVID19vaccines That Why I had chosen the  #ModernaBooster as 3rd dose after 2 Jabs of AZ instead of‚Ä¶ https://t.co/264nQ2JacF,1468256902639493126,TRAstonDrs,Oxfordüá¨üáßMelbourneüá¶üá∫,PfizerBooster ,Tue Dec 07 16:31:39 +0000 2021,2021-12-07 11:47:38
"What the flerk is happening to me? ü•¥

#PfizerBooster https://t.co/foUStfOqn0",1468233537740582915,Les Floyd,The Lonely Mountain,PfizerBooster ,Tue Dec 07 14:58:48 +0000 2021,2021-12-07 11:47:38
They told us #VaccinesWork #VaccinesSaveLives but #VaccineSideEffects #VaccineDeaths #VaccineInjuries are proving‚Ä¶ https://t.co/q5ZfUX93DS,1468212322061721613,HisPearlGirl,,PfizerBooster ,Tue Dec 07 13:34:30 +0000 2021,2021-12-07 11:47:38
"@ToniaBuxton @Iromg  you mentioned #Pfizer gangsters ‚Ä¶ they tried to bury this for 55 years, this is non redacted t‚Ä¶ https://t.co/cljWYgojTW",1468194002621157381,PrincessSaffyBeeüêù,,PfizerBooster ,Tue Dec 07 12:21:42 +0000 2021,2021-12-07 11:47:38
"1. ,...also, again, as far as WOKE or NON-WOKE, surely, it's MUCH BETTER to be WOKE than to FORFEIT MILLIONS OF DOL‚Ä¶ https://t.co/rdRjpdxJbI",1468089524685131777,ActivistBowen (PFIZERED TO THE MAX!/GET VAXXED!),Hong Kong,PfizerBooster ,Tue Dec 07 05:26:33 +0000 2021,2021-12-07 11:47:38
"again, in response to @JJudahIsaac being #UNVACCOMATED #UNVAXXED, EXCITED to GET THIS in SIX days! (December 7, 202‚Ä¶ https://t.co/oFwISYuMzP",1468088733823995905,ActivistBowen (PFIZERED TO THE MAX!/GET VAXXED!),Hong Kong,PfizerBooster ,Tue Dec 07 05:23:24 +0000 2021,2021-12-07 11:47:38
Got my #pfizerbooster! Feels good man,1468086529373478912,Dushman93,KAFE DOSTOYEVSKI,PfizerBooster ,Tue Dec 07 05:14:38 +0000 2021,2021-12-07 11:47:38
Just got boosted and flu shot... Double-vaxed! Please get vaccinated! #pfizerbooster #VaccinesSaveLives #flushot https://t.co/IjYAkbd2Ly,1468008490107117575,KŒûvin TŒûrry üíâü§ò,"Vandalia, OH",PfizerBooster ,Tue Dec 07 00:04:32 +0000 2021,2021-12-07 11:47:38
Had my booster COVID jab today... previous ones were the AZ..this time the Pfizer mRNA...having messenger RNA injec‚Ä¶ https://t.co/oCxHReRGiF,1468003969729454086,mrfids,Great Coates,PfizerBooster ,Mon Dec 06 23:46:35 +0000 2021,2021-12-07 11:47:38
thjis is why we can only have #pfizerbooster even when it might kill u? @sajidjavid I need #ASTRAZENECA  WHY CANT W‚Ä¶ https://t.co/QjNPTWh2tc,1468001532708855814,Michelle,London,PfizerBooster ,Mon Dec 06 23:36:54 +0000 2021,2021-12-07 11:47:38
I‚Äôm boosted!! #pfizerbooster https://t.co/mZ0BGw271U,1467999644915544067,Lydia Kalmen,"New York, NY",PfizerBooster ,Mon Dec 06 23:29:24 +0000 2021,2021-12-07 11:47:38
"Just got my #pfizerbooster I have a serious case of dry throat and a slight headache, but overall I'm doing good.‚Ä¶ https://t.co/oBltqNvFb4",1467967220827439104,Tarra,,PfizerBooster ,Mon Dec 06 21:20:33 +0000 2021,2021-12-07 11:47:38
I‚Äôve been Boosted B*tches! üíâ #pfizerbooster #Travel #safety #VaccinesSaveLives,1467942581661282311,MaMaG ‚ùÑÔ∏è,"Florida, USA",PfizerBooster ,Mon Dec 06 19:42:39 +0000 2021,2021-12-07 11:47:38
"The Technocrat Mind: Pfizer's Unconscionable Crimes, Past And Present https://t.co/ezpB6wu5OK #Pfizervaccine #pfizerbooster #Microchip Scam",1467941878486245381,:Anne-Marie: Smith.,,PfizerBooster ,Mon Dec 06 19:39:51 +0000 2021,2021-12-07 11:47:38
"@samthielman I had horrible side effects for 36 hours (fever, headache *from hell*, body aches, chills) and then PO‚Ä¶ https://t.co/98ymmu13zq",1467941252549132289,Elaine Replogle,Oregon,PfizerBooster ,Mon Dec 06 19:37:22 +0000 2021,2021-12-07 11:47:38
"üëá1/#MedEdBot #pfizerbooster #GetVaccinatedNow #BoosterShots
#BoosterShots
#TWiV #OmicronVariant
@pen_is_mighty‚Ä¶ https://t.co/pAPt2E6Wvj",1467936123624177665,lovemoz1üê†#Moorea #AbruptIrreversibleClimateChange,üå¥Mo'orea in the past/future,PfizerBooster ,Mon Dec 06 19:16:59 +0000 2021,2021-12-07 11:47:38
"Got my #pfizerbooster todayüíâüí•!
LA peeps: make sure to make an app. Huge line of walk ins at CVS but they took me fi‚Ä¶ https://t.co/bqvpxJszI5",1467932628061802498,Lorenaüçæ,"Los Angeles, CA",PfizerBooster ,Mon Dec 06 19:03:06 +0000 2021,2021-12-07 11:47:38
"Pfizer ‚Äì Integrating Healthcare with Deep Tech
Read More- https://t.co/89X2JY9RXB

#Pfizervaccine #Pfizer‚Ä¶ https://t.co/rggzIvO1C6",1467920333554417666,Galactik Views,Delhi,PfizerBooster ,Mon Dec 06 18:14:14 +0000 2021,2021-12-07 11:47:38
"Booked my booster shot aka 3rd dose for exactly 6 months out this AM.

Thanks @Gov_NB for access to boosters, and a‚Ä¶ https://t.co/mf16xnd6yj",1467883645092380674,Gena Klaarwater,"Wolastoqiyik Territory NB, CDA",PfizerBooster ,Mon Dec 06 15:48:27 +0000 2021,2021-12-07 11:47:38
"@doc_holliday50 @Change @US_FDA @VP @POTUS @CDCgov @KTLA @ABC7 In #EuropeanUnion too, yet the financial interests o‚Ä¶ https://t.co/zOoS0F7WJR",1467871257467232260,CrrowGr,·âÅ·äï·åÆ·ãé·âΩ·äï ·ã≠·àù·â±,PfizerBooster ,Mon Dec 06 14:59:14 +0000 2021,2021-12-07 11:47:38
Rewarding myself with a cup of latte after getting the boosted dose. I‚Äôm now Pfizer boosted. #pfizerbooster #pfizer‚Ä¶ https://t.co/edVj3jOQX4,1467840059554607108,Jason Toh,Malaysia,PfizerBooster ,Mon Dec 06 12:55:16 +0000 2021,2021-12-07 11:47:38
It is one year anniversary of the #Covid19vaccine. Pfizer was first to announce that they have developed a Covid19‚Ä¶ https://t.co/MncRHLGZRg,1467819021017956352,Fully vaxxedüíâ- I got Pfizer 'cause I'm bougie.üíé,Down to earth ,PfizerBooster ,Mon Dec 06 11:31:40 +0000 2021,2021-12-07 11:47:38
Mom got a #PfizerBooster today at Randalls Pharmacy in WestU.  It was a breeze. Get yours 2 xoxo,1467658707655958530,theCat,"Texas, USA",PfizerBooster ,Mon Dec 06 00:54:38 +0000 2021,2021-12-07 11:47:38
"Just how effective is the #pfizerbooster? This, and many more #booster FAQs, answered. (ùêÇùê•ùê¢ùêüùêüùêßùê®ùê≠ùêûùê¨ ùêØùêûùê´ùê¨ùê¢ùê®ùêß: Hop to‚Ä¶ https://t.co/uzV2qZlvfL",1467463888471998464,HealthCentral,,PfizerBooster ,Sun Dec 05 12:00:29 +0000 2021,2021-12-07 11:47:38
#Pfizerbooster üíâno reactionü§òüèª https://t.co/ItkDZIwRMo,1467256546274918401,Sheyna Walters,"Hamilton, New Zealand",PfizerBooster ,Sat Dec 04 22:16:35 +0000 2021,2021-12-07 11:47:38
"Boosted ‚úÖ Get it done folks, you never know it might save  a life. #ThankYouNHS #pfizerbooster thanks to‚Ä¶ https://t.co/EaDlaUmrIZ",1467254195266990081,Bob Lyall,"Dunblane, Scotland",PfizerBooster ,Sat Dec 04 22:07:15 +0000 2021,2021-12-07 11:47:38
That was unexpected! ü§£ #Pfizerbooster,1467250163567710213,Ibrahim,"London, England",PfizerBooster ,Sat Dec 04 21:51:13 +0000 2021,2021-12-07 11:47:38
Got #Booster #pfizerbooster yesterday. Injection site is of course tender. Otherwise I feel fine. 96oz of water. Pl‚Ä¶ https://t.co/EOHNxCk1q9,1467193194886545409,Teri #JoeBidenIsMyPresident,"SF Bay Area, CA",PfizerBooster ,Sat Dec 04 18:04:51 +0000 2021,2021-12-07 11:47:38
"Booster done, thank you #NHS workers for being amazing üòÄ #pfizerbooster #Crowborough #GetVaccinated #WearAMask https://t.co/5UYnafrO1W",1467087297757818881,Samantha Evansüíô,Tunbridge Wells,PfizerBooster ,Sat Dec 04 11:04:03 +0000 2021,2021-12-07 11:47:38
"#vaccination from #birth to 6 years according to #CDC 
#VaccineSideEffects #VaccineMandate #VaccinezVous‚Ä¶ https://t.co/7QolwN3qyG",1467085592664154115,Laleh,France,PfizerBooster ,Sat Dec 04 10:57:17 +0000 2021,2021-12-07 11:47:38
"Covid booster jab received! 
Today half dead, but worth it!
Fever 38.8, chills, headache, tiredness -all package. S‚Ä¶ https://t.co/6bOchAXGfU",1467085110604443648,Sarunas Medeikis,United Kingdom,PfizerBooster ,Sat Dec 04 10:55:22 +0000 2021,2021-12-07 11:47:38
"Got the  #COVIDBooster , get vaccinated , save lives!! #pfizerbooster",1466928288480174086,‚ú®Savvy‚ú®,United States üá∫üá∏ ,PfizerBooster ,Sat Dec 04 00:32:12 +0000 2021,2021-12-07 11:47:38
"My daughter and I just got the #pfizerbooster vaccine.  

#CovidVaccine
#DoingOurPart
#SavingLives https://t.co/IyDvSZ8eCZ",1466907555247136768,David J Skaritka üçè,"Hammond, IN - Chicago, IL",PfizerBooster ,Fri Dec 03 23:09:49 +0000 2021,2021-12-07 11:47:38
Just got my pfizer booster shot at a local kroger pharmacy. Thank you @kroger for making it very easy to schedule a‚Ä¶ https://t.co/9X4mAznzAd,1466906318141284355,Texan Rajaoui,,PfizerBooster ,Fri Dec 03 23:04:54 +0000 2021,2021-12-07 11:47:38
I suppose she might not want to see that pfizer data just released from FOIA request that a judge upheld in court‚Ä¶ https://t.co/FRBaHvlbkN,1466895368533200902,SteveStevens,,PfizerBooster ,Fri Dec 03 22:21:24 +0000 2021,2021-12-07 11:47:38
"Got the #PfizerBooster vaccine today at @StonyBrookMed NewYork 
Continue #WearAMask https://t.co/Vo84OncNdK",1466891467323056135,‡∞∂‡±ç‡∞∞‡±Ä‡∞ß‡∞∞‡±ç ‡∞Ö‡∞°‡∞¨‡∞æ‡∞≤,"New York, USA ",PfizerBooster ,Fri Dec 03 22:05:53 +0000 2021,2021-12-07 11:47:38
Got my COVID-19 booster vaccine!!!! Thank you Pfizer for keeping us safe and healthy!!!! Please get your booster if‚Ä¶ https://t.co/2vYYSlgdjX,1466883008019976204,Adam Silverstein,"Northport, NY",PfizerBooster ,Fri Dec 03 21:32:17 +0000 2021,2021-12-07 11:47:38
@MuellerSheWrote Got boosted Tuesday!!! #pfizerbooster #GetBoosted,1466859383263006728,Donna Walton,"41.316149,-72.901677",PfizerBooster ,Fri Dec 03 19:58:24 +0000 2021,2021-12-07 11:47:38
I'm triple vaxxed! Just got my #pfizerbooster. I also learnt that there is no wait time necessary for me to get oth‚Ä¶ https://t.co/rIhVxjRCU0,1466857786651066369,Rachel Stephens üåà‚úùÔ∏èüëë,,PfizerBooster ,Fri Dec 03 19:52:03 +0000 2021,2021-12-07 11:47:38
"BOOSTED! And I got my flu shot, too! Protect your loved ones this holiday season and get BOOSTED today!‚Ä¶ https://t.co/mkgV309nkh",1466857682334220288,"Mueller, She Wrote","San Diego, CA",PfizerBooster ,Fri Dec 03 19:51:39 +0000 2021,2021-12-07 11:47:38
The cabal's and puppet Parag Agrawal's #Twitter is tyrannically trying to keep us from learning the murderous ramif‚Ä¶ https://t.co/cGFjF1f6S8,1466843840367759368,Glory Bound not Gulag Bound,1st Amendment at Serfdom Rd.,PfizerBooster ,Fri Dec 03 18:56:38 +0000 2021,2021-12-07 11:47:38
Officially boosted! #GetVaccinatedNow #WearAMask #pfizerbooster https://t.co/KdCLY1d0Yg,1466841534305914887,Diana Lehotsky #LucifansForever üòà,"Ohio, USA",PfizerBooster ,Fri Dec 03 18:47:29 +0000 2021,2021-12-07 11:47:38
@talkRADIO @JuliaHB1 @benjaminbutter In the first few weeks alone thousands of people died due to the  Pfizer jab -‚Ä¶ https://t.co/UnquSIz83Z,1466835625668194307,kristingreenwood,England,PfizerBooster ,Fri Dec 03 18:24:00 +0000 2021,2021-12-07 11:47:38
Today I am getting my #pfizerbooster at my job. In about 1/2 hour. Just waiting for them to get set up. I'm crossin‚Ä¶ https://t.co/yIFMdgbw3B,1466835556952850435,"PoetryNEarth-A. Nance, M.P.A",Where There is Love,PfizerBooster ,Fri Dec 03 18:23:43 +0000 2021,2021-12-07 11:47:38
"My preggers partner is super boosted. We‚Äôve now got 5G forever. Well, until she needs to be updated. #Pfizerbooster",1466818209252880385,JGR,"Texas, USA",PfizerBooster ,Fri Dec 03 17:14:47 +0000 2021,2021-12-07 11:47:38
Just got boosted!! #pfizerbooster,1466811537482412038,NunnayaBiz üíôüåµüåú,üèú,PfizerBooster ,Fri Dec 03 16:48:17 +0000 2021,2021-12-07 11:47:38
"Others are like ‚Äúgot my booster! Painless, perfectly fine.‚Äù 
I‚Äôm feeling death trying to figure out what‚Äôs up and w‚Ä¶ https://t.co/Irr4ULvvSi",1466785778000928773,c ‚Ä¢ prk,,PfizerBooster ,Fri Dec 03 15:05:55 +0000 2021,2021-12-07 11:47:38
"Day 1 of #pfizerbooster the flu symptoms, fevers, aches and pain hit me an hour after I got home. I felt pretty awf‚Ä¶ https://t.co/88oLxOccIn",1466784718578491403,c ‚Ä¢ prk,,PfizerBooster ,Fri Dec 03 15:01:43 +0000 2021,2021-12-07 11:47:38
Got my pfizer booster yesterday. Flu-like symptoms hit me very hard after an hr. Needed 5 hrs to break the fever. T‚Ä¶ https://t.co/S7pHG7sTVy,1466782968299634690,c ‚Ä¢ prk,,PfizerBooster ,Fri Dec 03 14:54:45 +0000 2021,2021-12-07 11:47:38
"Got the #pfizerbooster 2 days ago now. Way worse than the first two. If these are just the side effects, I‚Äôd hate to get the real disease.",1466579432622022658,Brian Doyle,,PfizerBooster ,Fri Dec 03 01:25:59 +0000 2021,2021-12-07 11:47:38
@RavenApollo2 Hope your booster went well. I got mine a little more than 2 hours ago and feeling much the same as t‚Ä¶ https://t.co/klanQtT6iP,1466545896837947399,Rodney White üá®üá¶ üè≥Ô∏è‚Äçüåà,"Windsor, Ontario",PfizerBooster ,Thu Dec 02 23:12:43 +0000 2021,2021-12-07 11:47:38
This girl is Pfizer Boosted for the holidays üíâ‚úÖ #PfizerBooster,1466508602760437761,Katie Hoag,FL‚û°Ô∏èMD‚û°Ô∏èIL‚û°Ô∏èLA‚û°Ô∏èFL‚û°Ô∏èOK,PfizerBooster ,Thu Dec 02 20:44:31 +0000 2021,2021-12-07 11:47:38
"And that‚Äôs how you get a handle on this thing. Note to #antivaxers: stop being wussies, get your shots and we‚Äôll al‚Ä¶ https://t.co/qcSuKTcaxN",1466447922933948427,Time Traveler,"Maryland, USA",PfizerBooster ,Thu Dec 02 16:43:24 +0000 2021,2021-12-07 11:47:38
I had my #PfizerBooster and #flushot combo on Monday.  The #VaccineSideEffects lasted 48hours with little sore arms‚Ä¶ https://t.co/2KWjdgKbLX,1466446614776664075,Proud_Asian_Dad_With_Tourette‚òØÔ∏è,"New York, USA",PfizerBooster ,Thu Dec 02 16:38:12 +0000 2021,2021-12-07 11:47:38
"Quick new video this morning!

I documented what it was like getting my booster shot last week at @CVS for my upcom‚Ä¶ https://t.co/fRNCzSsaDw",1466396969937559559,Eliz @ Means To Travel,"Chicago, IL",PfizerBooster ,Thu Dec 02 13:20:56 +0000 2021,2021-12-07 11:47:38
"Oops , I did it again üé∂ 

3rd Pfizer Booster Dose Done ‚úÖ

Now loading : Antibodies‚Ä¶üôà

Stay Safe üôÜüèª‚Äç‚ôÄÔ∏è

#fullyvaccinated
#PfizerBooster",1466395204936687619,Dani Sandberg,"Vienna, Austria",PfizerBooster ,Thu Dec 02 13:13:55 +0000 2021,2021-12-07 11:47:38
"Follow up on my #PfizerBooster a tad soreness on the arm as to be expected, and in bed by 7:30 PM, I slept until 5‚Ä¶ https://t.co/HLZibXyQq5",1466365542600790019,Michele,USA,PfizerBooster ,Thu Dec 02 11:16:03 +0000 2021,2021-12-07 11:47:38
'I caught Omicron in LONDON the same time it was discovered in South Africa' https://t.co/aP4GQ4ITuq The two Drs ha‚Ä¶ https://t.co/yFO2IX9L3u,1466258040257138690,kelvin Fitzimmions,"London, England",PfizerBooster ,Thu Dec 02 04:08:53 +0000 2021,2021-12-07 11:47:38
Had my booster shot today. Hope the no side affects continues tomorrow. #BoosterShot #pfizerbooster,1466187991936819200,AJ Stone,"Takoma Park, MD",PfizerBooster ,Wed Dec 01 23:30:32 +0000 2021,2021-12-07 11:47:38
Got my Covid-19 Prizer booster dose today! üíâ #pfizerbooster #vaccinated,1466187288996728843,Swapnil,"New Jersey, USA",PfizerBooster ,Wed Dec 01 23:27:44 +0000 2021,2021-12-07 11:47:38
Officially vaxxed boosted and still masked. üíâüíâüíâüò∑ ü§ó#DoingMyPart  #PfizerBooster,1466166312665862151,Honorable PM üá∫üá∏,"Texas, USA",PfizerBooster ,Wed Dec 01 22:04:23 +0000 2021,2021-12-07 11:47:38
@SkyNews Went for #Booster today no @pfizer when @DailyMailUK reports those Pfizer vaccinated Omicron unlikely to c‚Ä¶ https://t.co/7JaPgkYb1A,1466115178517385221,Philip Welham Esq.,"London, England Suffolk",PfizerBooster ,Wed Dec 01 18:41:12 +0000 2021,2021-12-07 11:47:38
Traveled 1400 miles to another country to get my Pfizer booster. #pfizerbooster #COVIDBooster,1466095588550668288,James Cottle,San Miguel de Allende,PfizerBooster ,Wed Dec 01 17:23:21 +0000 2021,2021-12-07 11:47:38
"#Malaysia Starting 1 DEC, the #Sinovac booster is RM99 per dose at participating Qualitas clinics! We‚Äôre working wi‚Ä¶ https://t.co/sT05WeaHdK",1465900924648312841,Qualitas Medical Group,Malaysia Singapore Australia,PfizerBooster ,Wed Dec 01 04:29:50 +0000 2021,2021-12-07 11:47:38
24 hours after my #PfizerBooster plus Flushot combo I feel good except my flu-shot arm is very sore but the PfizerB‚Ä¶ https://t.co/letNTKpZtj,1465837338345541635,Proud_Asian_Dad_With_Tourette‚òØÔ∏è,"New York, USA",PfizerBooster ,Wed Dec 01 00:17:10 +0000 2021,2021-12-07 11:47:38
I‚Äôm glad I have most of the week off because this #PfizerBooster is kicking my ass https://t.co/hBLw2DaHQV,1465820924494725123,ü¶É‚òÉÔ∏èüéÑ‚ú®Haley‚ú®üéÑ‚òÉÔ∏èü¶É,"Kansas, USA",PfizerBooster ,Tue Nov 30 23:11:56 +0000 2021,2021-12-07 11:47:38
promoting the booster to keep protected.another #Lockdown is coming #BallonDor #PfizerBooster https://t.co/FFNSyTovgb,1465766839175331849,Nancy A. DiBenedetto,"Hamilton, Ontario",PfizerBooster ,Tue Nov 30 19:37:01 +0000 2021,2021-12-07 11:47:38
Got my #Pfizerbooster yesterday and the symptoms are worse than the first 2 doses. Anyone else have horrible flu sy‚Ä¶ https://t.co/979aTxfnVx,1465750558300639232,MacBeth,,PfizerBooster ,Tue Nov 30 18:32:20 +0000 2021,2021-12-07 11:47:38
"Latest News:
Pfizer poised to request authorization for coronavirus booster for 16 and 17 year olds:

""The companie‚Ä¶ https://t.co/X6rf96Gj8a",1465712283015950336,Gordon Mulder,"Laguna Hills, CA",PfizerBooster ,Tue Nov 30 16:00:14 +0000 2021,2021-12-07 11:47:38
"Gotta say our LGU is swift ever since @menchieabalos Salamat Mayora! üíâü§ì # #MandaVax #PfizerBooster 
Booooo√µ√≤ ü¶†üôåüèΩ‚Ä¶ https://t.co/1SAqRRs33S",1465615530899869706,chronicler,"Orange County, Manila",PfizerBooster ,Tue Nov 30 09:35:47 +0000 2021,2021-12-07 11:47:38
Ugh got the booster shot yesterday after work and now my arm hurts like hell üòÇüòí.  #PfizerBooster #Corona https://t.co/e2B2TxWPAR,1465552244737286147,Stephanie Werner,"Arlington, VA",PfizerBooster ,Tue Nov 30 05:24:18 +0000 2021,2021-12-07 11:47:38
"Stay safe!üò∑Posted @withregram ‚Ä¢ @nickfauzi Alhamdulillah done ‚úÖ booster vaccine, so smooth the process ‚ò∫Ô∏è, tqsm‚Ä¶ https://t.co/YY2tFuG3NT",1465532498109075459,MSU Medical Centre,"Selangor, Malaysia",PfizerBooster ,Tue Nov 30 04:05:50 +0000 2021,2021-12-07 11:47:38
"2 birds 1 stone. 
Booster shot: ‚úîÔ∏è #PfizerBooster
Flu shot: ‚úîÔ∏è",1465478030562938884,Hey Alex,Somewhere in this Universe,PfizerBooster ,Tue Nov 30 00:29:24 +0000 2021,2021-12-07 11:47:38
Boosted. üíâ #boosted #byecovid #covidbooster #…¢·¥á·¥õ·¥†·¥Ä·¥Ñ·¥Ñ…™…¥·¥Ä·¥õ·¥á·¥Ö  #pfizerbooster @ Walgreens https://t.co/kaGu1PgNhu,1465113479879217157,Richie,,PfizerBooster ,Mon Nov 29 00:20:48 +0000 2021,2021-12-07 11:47:38
@johnfosterfic Smart. Got my #pfizerbooster today. I‚Äôm taking it easy‚Ä¶drinking lots of Gatorade https://t.co/2tqsuWS8N2,1468692691680739333,ƒÖ…±·Éß …†‡Ωû…õ∆à…ß üéÉ * UNDER HER SKIN 4/2022 *,404 Not Found,PfizerBooster ,Wed Dec 08 21:23:19 +0000 2021,2021-12-08 17:10:45
#pfizerbooster threw me for a loop‚Ä¶luckily I have @blacklionking73‚Äôs RAZORBLADE TEARS to see me through. https://t.co/XkgYR1IXDH,1468689575367356419,ƒÖ…±·Éß …†‡Ωû…õ∆à…ß üéÉ * UNDER HER SKIN 4/2022 *,404 Not Found,PfizerBooster ,Wed Dec 08 21:10:56 +0000 2021,2021-12-08 17:10:45
Another #pfizerbooster update: https://t.co/ztpsvWmArr,1468653031801507840,Ashley Loose,Phoenix,PfizerBooster ,Wed Dec 08 18:45:43 +0000 2021,2021-12-08 17:10:45
"NAME THAT PHARMA CO!:

Thanks for the rock hard immunity 

#PfizerBooster üòä",1468637388834410497,Solrac Alibmarb,Your gooey little brain.,PfizerBooster ,Wed Dec 08 17:43:34 +0000 2021,2021-12-08 17:10:45
"Positive news.

#PfizerBooster #OmicronVirus https://t.co/1BIQ7JnFaV",1468606810634571781,Jameel Asani (Wadi Mpemba),Johannesburg,PfizerBooster ,Wed Dec 08 15:42:03 +0000 2021,2021-12-08 17:10:45
"Line up! 
Encouraging news
#PfizerBooster https://t.co/AOMafssPVz",1468604016401780753,Kristian Pedersen,"Barcelona, Espa√±a",PfizerBooster ,Wed Dec 08 15:30:57 +0000 2021,2021-12-08 17:10:45
Sinovac+Sinovac+Pfizer=Armoured Titan. By the end you will see the side effect of Booster dose. #BoosterShot‚Ä¶ https://t.co/FI8WjGeH4B,1468588155066454022,Shafiq,"Gombak, Selangor",PfizerBooster ,Wed Dec 08 14:27:55 +0000 2021,2021-12-08 17:10:45
At this point they are trying to kill you with all these shots. What a joke. Imagine falling for this. Literally NG‚Ä¶ https://t.co/WYSTc2jN13,1468587896651223042,Perry,,PfizerBooster ,Wed Dec 08 14:26:54 +0000 2021,2021-12-08 17:10:45
Get my #pfizerbooster tomorrow ü§ü,1468577615585886219,Mikey ‚îÇ Feintified,Hydaelyn,PfizerBooster ,Wed Dec 08 13:46:03 +0000 2021,2021-12-08 17:10:45
"@jaredthetrader @NixonandIke @nytimes ` Is there really a benefit having the booster?`
Yes, üí≤üí≤üí≤üí≤üí≤üí≤üí≤üí≤üí≤üí≤üí≤üí≤ benefit for #Pfizer.
#pfizerbooster",1468576047843012610,"Provoüêàüá™üá∫r. I think, therefore I am. - Descartes",1996 BrExodus 2020,PfizerBooster ,Wed Dec 08 13:39:49 +0000 2021,2021-12-08 17:10:45
Agreed! #pfizerbooster #GetBoosted https://t.co/hqmJ6wcGBj,1468574034283663364,Meg üõπ,"Texas, USA",PfizerBooster ,Wed Dec 08 13:31:49 +0000 2021,2021-12-08 17:10:45
Good news today from #Pfizer saying the #pfizerbooster appears to be very effective against the #OmicronVariant - s‚Ä¶ https://t.co/q1H2MMcTHd,1468573802842013700,Take Quadrant On TQON,22 Tudor St London EC4Y 0AY,PfizerBooster ,Wed Dec 08 13:30:54 +0000 2021,2021-12-08 17:10:45
"‚ÄúEven though we don‚Äôt properly understand its relation to long-term immunity, the T-cell data is showing us that it‚Ä¶ https://t.co/ulgEyrQk2F",1468572399339724804,Susanne K. Guenther,"Kitchener, Ontario",PfizerBooster ,Wed Dec 08 13:25:19 +0000 2021,2021-12-08 17:10:45
Thanks but no thanks. My immunesystem does better and for freeü§≠ #pfizerbooster #omicron https://t.co/HvpyH26eux,1468571283977871367,Modena,Switzerland,PfizerBooster ,Wed Dec 08 13:20:53 +0000 2021,2021-12-08 17:10:45
Getting hydrated #pfizerbooster today! #FullyVaccinated https://t.co/RZEcJ67Lov,1468567520051441664,"Edward G. Robinson III, Th.M",Present,PfizerBooster ,Wed Dec 08 13:05:56 +0000 2021,2021-12-08 17:10:45
"#pfizerbooster 
#Pfizervaccine 
#Biontech 
#vaccination 
3Shots #BoosterShots  required.
#Omicron https://t.co/vDW7j8eUzH",1468560018249158656,TheNextMove,,PfizerBooster ,Wed Dec 08 12:36:07 +0000 2021,2021-12-08 17:10:45
"What a load of rubbish from that #Tory Dr. (I presume of the medical variety.) He should know better!
Waiting for 1‚Ä¶ https://t.co/Cj4eyr2ki0",1468559229472620546,Sue Reeve ‚ô•Ô∏èüß°üíõüíöüíôüíúüá™üá∫üè≥Ô∏è‚ÄçüåàüïäÔ∏èüï∑Ô∏è,Glasgow environs.,PfizerBooster ,Wed Dec 08 12:32:59 +0000 2021,2021-12-08 17:10:45
NEW YORK (AP) -- Pfizer says early lab tests suggest COVID-19 boosters provide protection against omicron variant.‚Ä¶ https://t.co/zr9wZ1ExXr,1468555373141381120,Annette Zapata,"Los Angeles, CA",PfizerBooster ,Wed Dec 08 12:17:40 +0000 2021,2021-12-08 17:10:45
"Huge if true. Can it be true? 
Preliminary lab results.
#pfizerbooster #Omicron https://t.co/0MadGb8j7A",1468552584247926786,The Count Of Vaxxevania üíâüíâüíâ,The Nation's Capital,PfizerBooster ,Wed Dec 08 12:06:35 +0000 2021,2021-12-08 17:10:45
@CNBCJulianna This is a horrible look for the Pharma companies. And the governments will surely bend over backwards‚Ä¶ https://t.co/KUtatP2Wcc,1468552328009564170,Abhijeet Singh,,PfizerBooster ,Wed Dec 08 12:05:34 +0000 2021,2021-12-08 17:10:45
Pfizer says booster dose of vaccine protects against omicron variant  https://t.co/mpOCBuu8Lo via @nbcnews #pfizer‚Ä¶ https://t.co/vbP38bPWw3,1468551437332353026,Roger (Blocked by rudy giuliani and donald jr LOL),New Zealand,PfizerBooster ,Wed Dec 08 12:02:01 +0000 2021,2021-12-08 17:10:45
Probably one of the best AND one of the most remarkable #COVID19 #vaccination centres in the world: the beautiful c‚Ä¶ https://t.co/6TYpthcT9P,1468541346860474375,Hans Deridder,"Marseille, France",PfizerBooster ,Wed Dec 08 11:21:55 +0000 2021,2021-12-08 17:10:45
"Has anyone had any side effects from the covid booster jab?

If so, what we're they and how severe?

#boosterjab‚Ä¶ https://t.co/dhKAyvuZMw",1468524574006521857,üíõüíô,,PfizerBooster ,Wed Dec 08 10:15:16 +0000 2021,2021-12-08 17:10:45
Working for our nation hard #COVID19  #BoosterShots #pfizerbooster #Pfizervaccine #COVID #nhs https://t.co/vxf0Q1ytAc,1468518383989755906,Laila Khalid,"London, England",PfizerBooster ,Wed Dec 08 09:50:41 +0000 2021,2021-12-08 17:10:45
"@FunTimeFred1 @ZubyMusic blocked me, ü§∑üèª‚Äç‚ôÇÔ∏è Internet is weird, must not have liked some of the truth I post, too bad‚Ä¶ https://t.co/ElonGYB8Hr",1468514483467427842,Scan8,"Miami, Fl",PfizerBooster ,Wed Dec 08 09:35:11 +0000 2021,2021-12-08 17:10:45
Surprise surprise the CEO of #pfizerbooster say we will need to use his product for many years to come‚Ä¶..  bonus on its way to him!,1468514226348113924,Andrew Rosemeyer Chapman,london and madrid,PfizerBooster ,Wed Dec 08 09:34:09 +0000 2021,2021-12-08 17:10:45
Covid booster done.  Thank you #NHS #pfizerbooster,1468509261139517440,Rachel Horne üíô,"Ware, Hertfordshire",PfizerBooster ,Wed Dec 08 09:14:26 +0000 2021,2021-12-08 17:10:45
Booster settled!!! ü§ßü•¥ #pfizerbooster now XMen cell upgraded ü§£ü§£ü§£ü§£ #malaysia https://t.co/U1hszb0XFg,1468504780012236801,ROV GALLARDO,MALAYSIA,PfizerBooster ,Wed Dec 08 08:56:37 +0000 2021,2021-12-08 17:10:45
"Dr Antoine Flahault MD, epidemiologist, PhD in biomathematics, professor of public health at the Faculty of Medicin‚Ä¶ https://t.co/LhoGFvCjDi",1468501478595719168,Aseah Verdant,,PfizerBooster ,Wed Dec 08 08:43:30 +0000 2021,2021-12-08 17:10:45
Pfizer vaccine provides FORTY times less antibodies to fight Omicron https://t.co/wLxhLx0yJD via @MailOnline Not th‚Ä¶ https://t.co/oTfxQ8qmNc,1468390919615492097,kelvin Fitzimmions,"London, England",PfizerBooster ,Wed Dec 08 01:24:11 +0000 2021,2021-12-08 17:10:45
"I just got my booster shot üí™

#pfizerbooster #CovidVaccine #BoosterShots",1468388935290155008,Ram Sangireddy,,PfizerBooster ,Wed Dec 08 01:16:18 +0000 2021,2021-12-08 17:10:45
"Fooled you, suckers.
8 Top #Pfizer, #Moderna Shareholders $10 BahBillion Richer After Media Hypes #Omicron Ssuckere‚Ä¶ https://t.co/CA6lcNrzPJ",1468385901051092995,the elephant in the room just became an entire ZOO,Paradise,PfizerBooster ,Wed Dec 08 01:04:14 +0000 2021,2021-12-08 17:10:45
The chairman of the Reuters news agency ‚Äì James C. Smith ‚Äì is a top investor and current board member for Pfizer.‚Ä¶ https://t.co/Oh63sFy6uR,1468367871935848451,Edwin Dearborn üá∫üá∏,"Las Vegas, NV",PfizerBooster ,Tue Dec 07 23:52:36 +0000 2021,2021-12-08 17:10:45
3rd Dose!! #boosted #pfizerbooster,1468366745391927297,Raimey Anne üíê,"Hawaii, USA",PfizerBooster ,Tue Dec 07 23:48:07 +0000 2021,2021-12-08 17:10:45
I've had a #pfizerbooster and nowI'm a happy little #AzAzPfiz'er!,1468364881199976448,Alex Dobrovic,,PfizerBooster ,Tue Dec 07 23:40:43 +0000 2021,2021-12-08 17:10:45
"Got my #pfizerbooster yesterday. For me, it has been a bit worse than the initial vaccine. Full body achiness about‚Ä¶ https://t.co/8mEsv5j62X",1468363973904973826,Nick McBride,"Durham, NC",PfizerBooster ,Tue Dec 07 23:37:06 +0000 2021,2021-12-08 17:10:45
"wanna know why #Fauci does what he does? find out here:
#lockdown #pfizer #Pfizergate #FauciLeaks #pfizerbooster‚Ä¶ https://t.co/6FWey2YpQX",1468339189498404864,Isisgra,by the ocean,PfizerBooster ,Tue Dec 07 21:58:37 +0000 2021,2021-12-08 17:10:45
Not even 2 hrs since my jab üíâ and the flushed cheeks and headache has started ü§í #pfizerbooster,1468320757059141632,Lisa C,Goole,PfizerBooster ,Tue Dec 07 20:45:23 +0000 2021,2021-12-08 17:10:45
Boostered! #pfizerbooster https://t.co/ONFrC53CtE,1468258129829892099,Tauhidur Rahman,"Amherst, Massachusetts",PfizerBooster ,Tue Dec 07 16:36:31 +0000 2021,2021-12-08 17:10:45
#publichealth #COVID19vaccines That Why I had chosen the  #ModernaBooster as 3rd dose after 2 Jabs of AZ instead of‚Ä¶ https://t.co/264nQ2JacF,1468256902639493126,TRAstonDrs,Oxfordüá¨üáßMelbourneüá¶üá∫,PfizerBooster ,Tue Dec 07 16:31:39 +0000 2021,2021-12-08 17:10:45
"What the flerk is happening to me? ü•¥

#PfizerBooster https://t.co/foUStfOqn0",1468233537740582915,Les Floyd,The Lonely Mountain,PfizerBooster ,Tue Dec 07 14:58:48 +0000 2021,2021-12-08 17:10:45
They told us #VaccinesWork #VaccinesSaveLives but #VaccineSideEffects #VaccineDeaths #VaccineInjuries are proving‚Ä¶ https://t.co/q5ZfUX93DS,1468212322061721613,HisPearlGirl,,PfizerBooster ,Tue Dec 07 13:34:30 +0000 2021,2021-12-08 17:10:45
"1. ,...also, again, as far as WOKE or NON-WOKE, surely, it's MUCH BETTER to be WOKE than to FORFEIT MILLIONS OF DOL‚Ä¶ https://t.co/rdRjpdxJbI",1468089524685131777,ActivistBowen (PFIZERED TO THE MAX!/GET VAXXED!),Hong Kong,PfizerBooster ,Tue Dec 07 05:26:33 +0000 2021,2021-12-08 17:10:45
"again, in response to @JJudahIsaac being #UNVACCOMATED #UNVAXXED, EXCITED to GET THIS in SIX days! (December 7, 202‚Ä¶ https://t.co/oFwISYuMzP",1468088733823995905,ActivistBowen (PFIZERED TO THE MAX!/GET VAXXED!),Hong Kong,PfizerBooster ,Tue Dec 07 05:23:24 +0000 2021,2021-12-08 17:10:45
Got my #pfizerbooster! Feels good man,1468086529373478912,Dushman93,KAFE DOSTOYEVSKI,PfizerBooster ,Tue Dec 07 05:14:38 +0000 2021,2021-12-08 17:10:45
Just got boosted and flu shot... Double-vaxed! Please get vaccinated! #pfizerbooster #VaccinesSaveLives #flushot https://t.co/IjYAkbd2Ly,1468008490107117575,KŒûvin TŒûrry üíâü§ò,"Vandalia, OH",PfizerBooster ,Tue Dec 07 00:04:32 +0000 2021,2021-12-08 17:10:45
Had my booster COVID jab today... previous ones were the AZ..this time the Pfizer mRNA...having messenger RNA injec‚Ä¶ https://t.co/oCxHReRGiF,1468003969729454086,mrfids,Great Coates,PfizerBooster ,Mon Dec 06 23:46:35 +0000 2021,2021-12-08 17:10:45
thjis is why we can only have #pfizerbooster even when it might kill u? @sajidjavid I need #ASTRAZENECA  WHY CANT W‚Ä¶ https://t.co/QjNPTWh2tc,1468001532708855814,Michelle,London,PfizerBooster ,Mon Dec 06 23:36:54 +0000 2021,2021-12-08 17:10:45
I‚Äôm boosted!! #pfizerbooster https://t.co/mZ0BGw271U,1467999644915544067,Lydia Kalmen,"New York, NY",PfizerBooster ,Mon Dec 06 23:29:24 +0000 2021,2021-12-08 17:10:45
"Just got my #pfizerbooster I have a serious case of dry throat and a slight headache, but overall I'm doing good.‚Ä¶ https://t.co/oBltqNvFb4",1467967220827439104,Tarra,,PfizerBooster ,Mon Dec 06 21:20:33 +0000 2021,2021-12-08 17:10:45
I‚Äôve been Boosted B*tches! üíâ #pfizerbooster #Travel #safety #VaccinesSaveLives,1467942581661282311,MaMaG ‚ùÑÔ∏è,"Florida, USA",PfizerBooster ,Mon Dec 06 19:42:39 +0000 2021,2021-12-08 17:10:45
"The Technocrat Mind: Pfizer's Unconscionable Crimes, Past And Present https://t.co/ezpB6wu5OK #Pfizervaccine #pfizerbooster #Microchip Scam",1467941878486245381,:Anne-Marie: Smith.,,PfizerBooster ,Mon Dec 06 19:39:51 +0000 2021,2021-12-08 17:10:45
"@samthielman I had horrible side effects for 36 hours (fever, headache *from hell*, body aches, chills) and then PO‚Ä¶ https://t.co/98ymmu13zq",1467941252549132289,Elaine Replogle,Oregon,PfizerBooster ,Mon Dec 06 19:37:22 +0000 2021,2021-12-08 17:10:45
"üëá1/#MedEdBot #pfizerbooster #GetVaccinatedNow #BoosterShots
#BoosterShots
#TWiV #OmicronVariant
@pen_is_mighty‚Ä¶ https://t.co/pAPt2E6Wvj",1467936123624177665,lovemoz1üê†#Moorea #AbruptIrreversibleClimateChange,üå¥Mo'orea in the past/future,PfizerBooster ,Mon Dec 06 19:16:59 +0000 2021,2021-12-08 17:10:45
"Got my #pfizerbooster todayüíâüí•!
LA peeps: make sure to make an app. Huge line of walk ins at CVS but they took me fi‚Ä¶ https://t.co/bqvpxJszI5",1467932628061802498,Lorenaüçæ,"Los Angeles, CA",PfizerBooster ,Mon Dec 06 19:03:06 +0000 2021,2021-12-08 17:10:45
"Pfizer ‚Äì Integrating Healthcare with Deep Tech
Read More- https://t.co/89X2JY9RXB

#Pfizervaccine #Pfizer‚Ä¶ https://t.co/rggzIvO1C6",1467920333554417666,Galactik Views,Delhi,PfizerBooster ,Mon Dec 06 18:14:14 +0000 2021,2021-12-08 17:10:45
"Booked my booster shot aka 3rd dose for exactly 6 months out this AM.

Thanks @Gov_NB for access to boosters, and a‚Ä¶ https://t.co/mf16xnd6yj",1467883645092380674,Gena Klaarwater,"Wolastoqiyik Territory NB, CDA",PfizerBooster ,Mon Dec 06 15:48:27 +0000 2021,2021-12-08 17:10:45
"@doc_holliday50 @Change @US_FDA @VP @POTUS @CDCgov @KTLA @ABC7 In #EuropeanUnion too, yet the financial interests o‚Ä¶ https://t.co/zOoS0F7WJR",1467871257467232260,CrrowGr,·âÅ·äï·åÆ·ãé·âΩ·äï ·ã≠·àù·â±,PfizerBooster ,Mon Dec 06 14:59:14 +0000 2021,2021-12-08 17:10:45
Rewarding myself with a cup of latte after getting the boosted dose. I‚Äôm now Pfizer boosted. #pfizerbooster #pfizer‚Ä¶ https://t.co/edVj3jOQX4,1467840059554607108,Jason Toh,Malaysia,PfizerBooster ,Mon Dec 06 12:55:16 +0000 2021,2021-12-08 17:10:45
It is one year anniversary of the #Covid19vaccine. Pfizer was first to announce that they have developed a Covid19‚Ä¶ https://t.co/MncRHLGZRg,1467819021017956352,Fully vaxxedüíâ- I got Pfizer 'cause I'm bougie.üíé,Down to earth ,PfizerBooster ,Mon Dec 06 11:31:40 +0000 2021,2021-12-08 17:10:45
Mom got a #PfizerBooster today at Randalls Pharmacy in WestU.  It was a breeze. Get yours 2 xoxo,1467658707655958530,theCat,"Texas, USA",PfizerBooster ,Mon Dec 06 00:54:38 +0000 2021,2021-12-08 17:10:45
"Just how effective is the #pfizerbooster? This, and many more #booster FAQs, answered. (ùêÇùê•ùê¢ùêüùêüùêßùê®ùê≠ùêûùê¨ ùêØùêûùê´ùê¨ùê¢ùê®ùêß: Hop to‚Ä¶ https://t.co/uzV2qZlvfL",1467463888471998464,HealthCentral,,PfizerBooster ,Sun Dec 05 12:00:29 +0000 2021,2021-12-08 17:10:45
#Pfizerbooster üíâno reactionü§òüèª https://t.co/ItkDZIwRMo,1467256546274918401,Sheyna Walters,"Hamilton, New Zealand",PfizerBooster ,Sat Dec 04 22:16:35 +0000 2021,2021-12-08 17:10:45
"Boosted ‚úÖ Get it done folks, you never know it might save  a life. #ThankYouNHS #pfizerbooster thanks to‚Ä¶ https://t.co/EaDlaUmrIZ",1467254195266990081,Bob Lyall,"Dunblane, Scotland",PfizerBooster ,Sat Dec 04 22:07:15 +0000 2021,2021-12-08 17:10:45
That was unexpected! ü§£ #Pfizerbooster,1467250163567710213,Ibrahim,"London, England",PfizerBooster ,Sat Dec 04 21:51:13 +0000 2021,2021-12-08 17:10:45
Got #Booster #pfizerbooster yesterday. Injection site is of course tender. Otherwise I feel fine. 96oz of water. Pl‚Ä¶ https://t.co/EOHNxCk1q9,1467193194886545409,Teri #JoeBidenIsMyPresident,"SF Bay Area, CA",PfizerBooster ,Sat Dec 04 18:04:51 +0000 2021,2021-12-08 17:10:45
"Booster done, thank you #NHS workers for being amazing üòÄ #pfizerbooster #Crowborough #GetVaccinated #WearAMask https://t.co/5UYnafrO1W",1467087297757818881,Samantha Evansüíô,Tunbridge Wells,PfizerBooster ,Sat Dec 04 11:04:03 +0000 2021,2021-12-08 17:10:45
"#vaccination from #birth to 6 years according to #CDC 
#VaccineSideEffects #VaccineMandate #VaccinezVous‚Ä¶ https://t.co/7QolwN3qyG",1467085592664154115,Laleh,France,PfizerBooster ,Sat Dec 04 10:57:17 +0000 2021,2021-12-08 17:10:45
"Covid booster jab received! 
Today half dead, but worth it!
Fever 38.8, chills, headache, tiredness -all package. S‚Ä¶ https://t.co/6bOchAXGfU",1467085110604443648,Sarunas Medeikis,United Kingdom,PfizerBooster ,Sat Dec 04 10:55:22 +0000 2021,2021-12-08 17:10:45
"Got the  #COVIDBooster , get vaccinated , save lives!! #pfizerbooster",1466928288480174086,‚ú®Savvy‚ú®,United States üá∫üá∏ ,PfizerBooster ,Sat Dec 04 00:32:12 +0000 2021,2021-12-08 17:10:45
"My daughter and I just got the #pfizerbooster vaccine.  

#CovidVaccine
#DoingOurPart
#SavingLives https://t.co/IyDvSZ8eCZ",1466907555247136768,David J Skaritka üçè,"Hammond, IN - Chicago, IL",PfizerBooster ,Fri Dec 03 23:09:49 +0000 2021,2021-12-08 17:10:45
Just got my pfizer booster shot at a local kroger pharmacy. Thank you @kroger for making it very easy to schedule a‚Ä¶ https://t.co/9X4mAznzAd,1466906318141284355,Texan Rajaoui,,PfizerBooster ,Fri Dec 03 23:04:54 +0000 2021,2021-12-08 17:10:45
I suppose she might not want to see that pfizer data just released from FOIA request that a judge upheld in court‚Ä¶ https://t.co/FRBaHvlbkN,1466895368533200902,SteveStevens,,PfizerBooster ,Fri Dec 03 22:21:24 +0000 2021,2021-12-08 17:10:45
"Got the #PfizerBooster vaccine today at @StonyBrookMed NewYork 
Continue #WearAMask https://t.co/Vo84OncNdK",1466891467323056135,‡∞∂‡±ç‡∞∞‡±Ä‡∞ß‡∞∞‡±ç ‡∞Ö‡∞°‡∞¨‡∞æ‡∞≤,"New York, USA ",PfizerBooster ,Fri Dec 03 22:05:53 +0000 2021,2021-12-08 17:10:45
Got my COVID-19 booster vaccine!!!! Thank you Pfizer for keeping us safe and healthy!!!! Please get your booster if‚Ä¶ https://t.co/2vYYSlgdjX,1466883008019976204,Adam Silverstein,"Northport, NY",PfizerBooster ,Fri Dec 03 21:32:17 +0000 2021,2021-12-08 17:10:45
@MuellerSheWrote Got boosted Tuesday!!! #pfizerbooster #GetBoosted,1466859383263006728,Donna Walton,"41.316149,-72.901677",PfizerBooster ,Fri Dec 03 19:58:24 +0000 2021,2021-12-08 17:10:45
I'm triple vaxxed! Just got my #pfizerbooster. I also learnt that there is no wait time necessary for me to get oth‚Ä¶ https://t.co/rIhVxjRCU0,1466857786651066369,Rachel Stephens üåà‚úùÔ∏èüëë,,PfizerBooster ,Fri Dec 03 19:52:03 +0000 2021,2021-12-08 17:10:45
"BOOSTED! And I got my flu shot, too! Protect your loved ones this holiday season and get BOOSTED today!‚Ä¶ https://t.co/mkgV309nkh",1466857682334220288,"Mueller, She Wrote","San Diego, CA",PfizerBooster ,Fri Dec 03 19:51:39 +0000 2021,2021-12-08 17:10:45
The cabal's and puppet Parag Agrawal's #Twitter is tyrannically trying to keep us from learning the murderous ramif‚Ä¶ https://t.co/cGFjF1f6S8,1466843840367759368,Glory Bound not Gulag Bound,1st Amendment at Serfdom Rd.,PfizerBooster ,Fri Dec 03 18:56:38 +0000 2021,2021-12-08 17:10:45
Officially boosted! #GetVaccinatedNow #WearAMask #pfizerbooster https://t.co/KdCLY1d0Yg,1466841534305914887,Diana Lehotsky #LucifansForever üòà,"Ohio, USA",PfizerBooster ,Fri Dec 03 18:47:29 +0000 2021,2021-12-08 17:10:45
@talkRADIO @JuliaHB1 @benjaminbutter In the first few weeks alone thousands of people died due to the  Pfizer jab -‚Ä¶ https://t.co/UnquSIz83Z,1466835625668194307,kristingreenwood,England,PfizerBooster ,Fri Dec 03 18:24:00 +0000 2021,2021-12-08 17:10:45
Today I am getting my #pfizerbooster at my job. In about 1/2 hour. Just waiting for them to get set up. I'm crossin‚Ä¶ https://t.co/yIFMdgbw3B,1466835556952850435,"PoetryNEarth-A. Nance, M.P.A",Where There is Love,PfizerBooster ,Fri Dec 03 18:23:43 +0000 2021,2021-12-08 17:10:45
"My preggers partner is super boosted. We‚Äôve now got 5G forever. Well, until she needs to be updated. #Pfizerbooster",1466818209252880385,JGR,"Texas, USA",PfizerBooster ,Fri Dec 03 17:14:47 +0000 2021,2021-12-08 17:10:45
Just got boosted!! #pfizerbooster,1466811537482412038,NunnayaBiz üíôüåµüåú,üèú,PfizerBooster ,Fri Dec 03 16:48:17 +0000 2021,2021-12-08 17:10:45
"Others are like ‚Äúgot my booster! Painless, perfectly fine.‚Äù 
I‚Äôm feeling death trying to figure out what‚Äôs up and w‚Ä¶ https://t.co/Irr4ULvvSi",1466785778000928773,c ‚Ä¢ prk,,PfizerBooster ,Fri Dec 03 15:05:55 +0000 2021,2021-12-08 17:10:45
"Day 1 of #pfizerbooster the flu symptoms, fevers, aches and pain hit me an hour after I got home. I felt pretty awf‚Ä¶ https://t.co/88oLxOccIn",1466784718578491403,c ‚Ä¢ prk,,PfizerBooster ,Fri Dec 03 15:01:43 +0000 2021,2021-12-08 17:10:45
Got my pfizer booster yesterday. Flu-like symptoms hit me very hard after an hr. Needed 5 hrs to break the fever. T‚Ä¶ https://t.co/S7pHG7sTVy,1466782968299634690,c ‚Ä¢ prk,,PfizerBooster ,Fri Dec 03 14:54:45 +0000 2021,2021-12-08 17:10:45
"Got the #pfizerbooster 2 days ago now. Way worse than the first two. If these are just the side effects, I‚Äôd hate to get the real disease.",1466579432622022658,Brian Doyle,,PfizerBooster ,Fri Dec 03 01:25:59 +0000 2021,2021-12-08 17:10:45
@RavenApollo2 Hope your booster went well. I got mine a little more than 2 hours ago and feeling much the same as t‚Ä¶ https://t.co/klanQtT6iP,1466545896837947399,Rodney White üá®üá¶ üíô üá∫üá∏,"Windsor, Ontario",PfizerBooster ,Thu Dec 02 23:12:43 +0000 2021,2021-12-08 17:10:45
This girl is Pfizer Boosted for the holidays üíâ‚úÖ #PfizerBooster,1466508602760437761,Katie Hoag,FL‚û°Ô∏èMD‚û°Ô∏èIL‚û°Ô∏èLA‚û°Ô∏èFL‚û°Ô∏èOK,PfizerBooster ,Thu Dec 02 20:44:31 +0000 2021,2021-12-08 17:10:45
"And that‚Äôs how you get a handle on this thing. Note to #antivaxers: stop being wussies, get your shots and we‚Äôll al‚Ä¶ https://t.co/qcSuKTcaxN",1466447922933948427,Time Traveler,"Maryland, USA",PfizerBooster ,Thu Dec 02 16:43:24 +0000 2021,2021-12-08 17:10:45
I had my #PfizerBooster and #flushot combo on Monday.  The #VaccineSideEffects lasted 48hours with little sore arms‚Ä¶ https://t.co/2KWjdgKbLX,1466446614776664075,Proud_Asian_Dad_With_Tourette‚òØÔ∏è,"New York, USA",PfizerBooster ,Thu Dec 02 16:38:12 +0000 2021,2021-12-08 17:10:45
"Quick new video this morning!

I documented what it was like getting my booster shot last week at @CVS for my upcom‚Ä¶ https://t.co/fRNCzSsaDw",1466396969937559559,Eliz @ Means To Travel,"Chicago, IL",PfizerBooster ,Thu Dec 02 13:20:56 +0000 2021,2021-12-08 17:10:45
"Oops , I did it again üé∂ 

3rd Pfizer Booster Dose Done ‚úÖ

Now loading : Antibodies‚Ä¶üôà

Stay Safe üôÜüèª‚Äç‚ôÄÔ∏è

#fullyvaccinated
#PfizerBooster",1466395204936687619,Dani Sandberg,"Vienna, Austria",PfizerBooster ,Thu Dec 02 13:13:55 +0000 2021,2021-12-08 17:10:45
"Follow up on my #PfizerBooster a tad soreness on the arm as to be expected, and in bed by 7:30 PM, I slept until 5‚Ä¶ https://t.co/HLZibXyQq5",1466365542600790019,Michele,USA,PfizerBooster ,Thu Dec 02 11:16:03 +0000 2021,2021-12-08 17:10:45
'I caught Omicron in LONDON the same time it was discovered in South Africa' https://t.co/aP4GQ4ITuq The two Drs ha‚Ä¶ https://t.co/yFO2IX9L3u,1466258040257138690,kelvin Fitzimmions,"London, England",PfizerBooster ,Thu Dec 02 04:08:53 +0000 2021,2021-12-08 17:10:45
Had my booster shot today. Hope the no side affects continues tomorrow. #BoosterShot #pfizerbooster,1466187991936819200,AJ Stone,"Takoma Park, MD",PfizerBooster ,Wed Dec 01 23:30:32 +0000 2021,2021-12-08 17:10:45
Got my Covid-19 Prizer booster dose today! üíâ #pfizerbooster #vaccinated,1466187288996728843,Swapnil,"New Jersey, USA",PfizerBooster ,Wed Dec 01 23:27:44 +0000 2021,2021-12-08 17:10:45
Officially vaxxed boosted and still masked. üíâüíâüíâüò∑ ü§ó#DoingMyPart  #PfizerBooster,1466166312665862151,Honorable PM üá∫üá∏,"Texas, USA",PfizerBooster ,Wed Dec 01 22:04:23 +0000 2021,2021-12-08 17:10:45
@SkyNews Went for #Booster today no @pfizer when @DailyMailUK reports those Pfizer vaccinated Omicron unlikely to c‚Ä¶ https://t.co/7JaPgkYb1A,1466115178517385221,Philip Welham Esq.,"London, England Suffolk",PfizerBooster ,Wed Dec 01 18:41:12 +0000 2021,2021-12-08 17:10:45
Traveled 1400 miles to another country to get my Pfizer booster. #pfizerbooster #COVIDBooster,1466095588550668288,James Cottle,San Miguel de Allende,PfizerBooster ,Wed Dec 01 17:23:21 +0000 2021,2021-12-08 17:10:45
"#Malaysia Starting 1 DEC, the #Sinovac booster is RM99 per dose at participating Qualitas clinics! We‚Äôre working wi‚Ä¶ https://t.co/sT05WeaHdK",1465900924648312841,Qualitas Medical Group,Malaysia Singapore Australia,PfizerBooster ,Wed Dec 01 04:29:50 +0000 2021,2021-12-08 17:10:45
24 hours after my #PfizerBooster plus Flushot combo I feel good except my flu-shot arm is very sore but the PfizerB‚Ä¶ https://t.co/letNTKpZtj,1465837338345541635,Proud_Asian_Dad_With_Tourette‚òØÔ∏è,"New York, USA",PfizerBooster ,Wed Dec 01 00:17:10 +0000 2021,2021-12-08 17:10:45
I‚Äôm glad I have most of the week off because this #PfizerBooster is kicking my ass https://t.co/hBLw2DaHQV,1465820924494725123,ü¶É‚òÉÔ∏èüéÑ‚ú®Haley‚ú®üéÑ‚òÉÔ∏èü¶É,"Kansas, USA",PfizerBooster ,Tue Nov 30 23:11:56 +0000 2021,2021-12-08 17:10:45
promoting the booster to keep protected.another #Lockdown is coming #BallonDor #PfizerBooster https://t.co/FFNSyTovgb,1465766839175331849,Nancy A. DiBenedetto,"Hamilton, Ontario",PfizerBooster ,Tue Nov 30 19:37:01 +0000 2021,2021-12-08 17:10:45
Got my #Pfizerbooster yesterday and the symptoms are worse than the first 2 doses. Anyone else have horrible flu sy‚Ä¶ https://t.co/979aTxfnVx,1465750558300639232,MacBeth,,PfizerBooster ,Tue Nov 30 18:32:20 +0000 2021,2021-12-08 17:10:45
"Latest News:
Pfizer poised to request authorization for coronavirus booster for 16 and 17 year olds:

""The companie‚Ä¶ https://t.co/X6rf96Gj8a",1465712283015950336,Gordon Mulder,"Laguna Hills, CA",PfizerBooster ,Tue Nov 30 16:00:14 +0000 2021,2021-12-08 17:10:45
"Gotta say our LGU is swift ever since @menchieabalos Salamat Mayora! üíâü§ì # #MandaVax #PfizerBooster 
Booooo√µ√≤ ü¶†üôåüèΩ‚Ä¶ https://t.co/1SAqRRs33S",1465615530899869706,chronicler,"Orange County, Manila",PfizerBooster ,Tue Nov 30 09:35:47 +0000 2021,2021-12-08 17:10:45
Ugh got the booster shot yesterday after work and now my arm hurts like hell üòÇüòí.  #PfizerBooster #Corona https://t.co/e2B2TxWPAR,1465552244737286147,Stephanie Werner,"Arlington, VA",PfizerBooster ,Tue Nov 30 05:24:18 +0000 2021,2021-12-08 17:10:45
Just got my #PfizerBoosterShot! Please get your booster as soon as humanly possible! Thanks to @Walgreens! https://t.co/BdVNZh3Fep,1468643871722811392,Billy Krumb,Chicago,PfizerBoosterShot ,Wed Dec 08 18:09:19 +0000 2021,2021-12-08 17:10:45
